filename,full_path,relative_path,category,form_number,extension
form_10_-_answer_flr-10-jun25-en-fil.docx,workflow_output/ontario_forms/form_10_-_answer_flr-10-jun25-en-fil.docx,form_10_-_answer_flr-10-jun25-en-fil.docx,uncategorized,10,.docx
form_10a_-_reply_flr-10a-e.pdf,workflow_output/ontario_forms/form_10a_-_reply_flr-10a-e.pdf,form_10a_-_reply_flr-10a-e.pdf,uncategorized,10A,.pdf
form_13_-_financial_statement_support_flr-13-may21-en-fil.docx,workflow_output/ontario_forms/form_13_-_financial_statement_support_flr-13-may21-en-fil.docx,form_13_-_financial_statement_support_flr-13-may21-en-fil.docx,uncategorized,13,.docx
form_13.1_-_financial_statement_property_flr-13-1-may21-en-fil.docx,workflow_output/ontario_forms/form_13.1_-_financial_statement_property_flr-13-1-may21-en-fil.docx,form_13.1_-_financial_statement_property_flr-13-1-may21-en-fil.docx,uncategorized,13.1,.docx
form_13a_-_certificate_financial_disclosure_flr-13a-may21-en-fil.docx,workflow_output/ontario_forms/form_13a_-_certificate_financial_disclosure_flr-13a-may21-en-fil.docx,form_13a_-_certificate_financial_disclosure_flr-13a-may21-en-fil.docx,uncategorized,13A,.docx
form_13b_-_net_family_property_statement_flr-13b-may09-en-fil-tables.docx,workflow_output/ontario_forms/form_13b_-_net_family_property_statement_flr-13b-may09-en-fil-tables.docx,form_13b_-_net_family_property_statement_flr-13b-may09-en-fil-tables.docx,uncategorized,13B,.docx
form_13c_-_comparison_net_family_property_flr-13c-may21-en-fil.docx,workflow_output/ontario_forms/form_13c_-_comparison_net_family_property_flr-13c-may21-en-fil.docx,form_13c_-_comparison_net_family_property_flr-13c-may21-en-fil.docx,uncategorized,13C,.docx
form_14b_-_motion_form_flr-14b-0921-en.docx,workflow_output/ontario_forms/form_14b_-_motion_form_flr-14b-0921-en.docx,form_14b_-_motion_form_flr-14b-0921-en.docx,uncategorized,14B,.docx
form_14c_-_confirmation_motion_flr-14c-sep24-en-fil.docx,workflow_output/ontario_forms/form_14c_-_confirmation_motion_flr-14c-sep24-en-fil.docx,form_14c_-_confirmation_motion_flr-14c-sep24-en-fil.docx,uncategorized,14C,.docx
form_15_-_motion_to_change_flr-15-0921-en.docx,workflow_output/ontario_forms/form_15_-_motion_to_change_flr-15-0921-en.docx,form_15_-_motion_to_change_flr-15-0921-en.docx,uncategorized,15,.docx
form_15b_-_response_motion_to_change_form-15b-en-dec20.docx,workflow_output/ontario_forms/form_15b_-_response_motion_to_change_form-15b-en-dec20.docx,form_15b_-_response_motion_to_change_form-15b-en-dec20.docx,uncategorized,15B,.docx
form_15c_-_consent_motion_to_change_form-15c-en-dec20.docx,workflow_output/ontario_forms/form_15c_-_consent_motion_to_change_form-15c-en-dec20.docx,form_15c_-_consent_motion_to_change_form-15c-en-dec20.docx,uncategorized,15C,.docx
form_17a_-_case_conference_brief_flr-17a-sep23-en.docx,workflow_output/ontario_forms/form_17a_-_case_conference_brief_flr-17a-sep23-en.docx,form_17a_-_case_conference_brief_flr-17a-sep23-en.docx,uncategorized,17A,.docx
form_17c_-_settlement_conference_brief_flr-17c-sep23-en.docx,workflow_output/ontario_forms/form_17c_-_settlement_conference_brief_flr-17c-sep23-en.docx,form_17c_-_settlement_conference_brief_flr-17c-sep23-en.docx,uncategorized,17C,.docx
form_17f_-_confirmation_conference_flr-17f-sep24-en-fil.docx,workflow_output/ontario_forms/form_17f_-_confirmation_conference_flr-17f-sep24-en-fil.docx,form_17f_-_confirmation_conference_flr-17f-sep24-en-fil.docx,uncategorized,17F,.docx
form_25_-_order_general_form-25-en-dec20.docx,workflow_output/ontario_forms/form_25_-_order_general_form-25-en-dec20.docx,form_25_-_order_general_form-25-en-dec20.docx,uncategorized,25,.docx
form_25a_-_divorce_order_flr-25a-e.pdf,workflow_output/ontario_forms/form_25a_-_divorce_order_flr-25a-e.pdf,form_25a_-_divorce_order_flr-25a-e.pdf,uncategorized,25A,.pdf
form_25c_-_adoption_order_flr-25c-may25-en-fil.docx,workflow_output/ontario_forms/form_25c_-_adoption_order_flr-25c-may25-en-fil.docx,form_25c_-_adoption_order_flr-25c-may25-en-fil.docx,uncategorized,25C,.docx
form_25d_-_order_uncontested_trial_form-25d-en-dec20.docx,workflow_output/ontario_forms/form_25d_-_order_uncontested_trial_form-25d-en-dec20.docx,form_25d_-_order_uncontested_trial_form-25d-en-dec20.docx,uncategorized,25D,.docx
form_25f_-_restraining_order_flr-25f-sep09-en-fil.docx,workflow_output/ontario_forms/form_25f_-_restraining_order_flr-25f-sep09-en-fil.docx,form_25f_-_restraining_order_flr-25f-sep09-en-fil.docx,uncategorized,25F,.docx
form_26_-_statement_money_owed_flr-26-apr16-en-fil.docx,workflow_output/ontario_forms/form_26_-_statement_money_owed_flr-26-apr16-en-fil.docx,form_26_-_statement_money_owed_flr-26-apr16-en-fil.docx,uncategorized,26,.docx
form_27_-_request_financial_statement_flr-27-apr16-en-fil.docx,workflow_output/ontario_forms/form_27_-_request_financial_statement_flr-27-apr16-en-fil.docx,form_27_-_request_financial_statement_flr-27-apr16-en-fil.docx,uncategorized,27,.docx
form_28_-_writ_seizure_sale_flr-28-apr16-en-fil.docx,workflow_output/ontario_forms/form_28_-_writ_seizure_sale_flr-28-apr16-en-fil.docx,form_28_-_writ_seizure_sale_flr-28-apr16-en-fil.docx,uncategorized,28,.docx
form_29_-_request_garnishment_flr-29-apr16-en-fil.docx,workflow_output/ontario_forms/form_29_-_request_garnishment_flr-29-apr16-en-fil.docx,form_29_-_request_garnishment_flr-29-apr16-en-fil.docx,uncategorized,29,.docx
form_29a_-_notice_garnishment_lump_sum_flr-29a-apr16-en-fil.docx,workflow_output/ontario_forms/form_29a_-_notice_garnishment_lump_sum_flr-29a-apr16-en-fil.docx,form_29a_-_notice_garnishment_lump_sum_flr-29a-apr16-en-fil.docx,uncategorized,29A,.docx
form_29b_-_notice_garnishment_periodic_flr-29b-apr16-en-fil.docx,workflow_output/ontario_forms/form_29b_-_notice_garnishment_periodic_flr-29b-apr16-en-fil.docx,form_29b_-_notice_garnishment_periodic_flr-29b-apr16-en-fil.docx,uncategorized,29B,.docx
form_30_-_notice_default_hearing_flr-30-apr16-en-fil.docx,workflow_output/ontario_forms/form_30_-_notice_default_hearing_flr-30-apr16-en-fil.docx,form_30_-_notice_default_hearing_flr-30-apr16-en-fil.docx,uncategorized,30,.docx
form_33f_-_access_application_flr-33f-may21-en-fil.docx,workflow_output/ontario_forms/form_33f_-_access_application_flr-33f-may21-en-fil.docx,form_33f_-_access_application_flr-33f-may21-en-fil.docx,uncategorized,33F,.docx
form_34_-_child_consent_adoption_flr-34-nov18-en-fil.docx,workflow_output/ontario_forms/form_34_-_child_consent_adoption_flr-34-nov18-en-fil.docx,form_34_-_child_consent_adoption_flr-34-nov18-en-fil.docx,uncategorized,34,.docx
form_34a_-_affidavit_parentage_form-34a-en-dec20.docx,workflow_output/ontario_forms/form_34a_-_affidavit_parentage_form-34a-en-dec20.docx,form_34a_-_affidavit_parentage_form-34a-en-dec20.docx,uncategorized,34A,.docx
form_34f_-_consents_adoption_form-34f-en-dec20.docx,workflow_output/ontario_forms/form_34f_-_consents_adoption_form-34f-en-dec20.docx,form_34f_-_consents_adoption_form-34f-en-dec20.docx,uncategorized,34F,.docx
form_34g_-_affidavit_adopting_parent_form-34g-en-dec20.docx,workflow_output/ontario_forms/form_34g_-_affidavit_adopting_parent_form-34g-en-dec20.docx,form_34g_-_affidavit_adopting_parent_form-34g-en-dec20.docx,uncategorized,34G,.docx
form_34i_-_affidavit_adopting_relative_form-34i-en-dec20.docx,workflow_output/ontario_forms/form_34i_-_affidavit_adopting_relative_form-34i-en-dec20.docx,form_34i_-_affidavit_adopting_relative_form-34i-en-dec20.docx,uncategorized,34I,.docx
form_36_-_affidavit_for_divorce_flr-36-apr24-en-fil.docx,workflow_output/ontario_forms/form_36_-_affidavit_for_divorce_flr-36-apr24-en-fil.docx,form_36_-_affidavit_for_divorce_flr-36-apr24-en-fil.docx,uncategorized,36,.docx
form_36a_-_certificate_divorce_flr-36a-dec20-en-fil.docx,workflow_output/ontario_forms/form_36a_-_certificate_divorce_flr-36a-dec20-en-fil.docx,form_36a_-_certificate_divorce_flr-36a-dec20-en-fil.docx,uncategorized,36A,.docx
form_37_-_interjurisdictional_support_order_flr-37-apr24-en-fil.docx,workflow_output/ontario_forms/form_37_-_interjurisdictional_support_order_flr-37-apr24-en-fil.docx,form_37_-_interjurisdictional_support_order_flr-37-apr24-en-fil.docx,uncategorized,37,.docx
form_37a_-_affidavit_interjurisdictional_support_flr-37a-apr24-en-fil.docx,workflow_output/ontario_forms/form_37a_-_affidavit_interjurisdictional_support_flr-37a-apr24-en-fil.docx,form_37a_-_affidavit_interjurisdictional_support_flr-37a-apr24-en-fil.docx,uncategorized,37A,.docx
form_37b_-_evidence_information_flr-37b-apr24-en-fil.docx,workflow_output/ontario_forms/form_37b_-_evidence_information_flr-37b-apr24-en-fil.docx,form_37b_-_evidence_information_flr-37b-apr24-en-fil.docx,uncategorized,37B,.docx
form_4_-_notice_change_representation_flr-04-jun25-en-fil.docx,workflow_output/ontario_forms/form_4_-_notice_change_representation_flr-04-jun25-en-fil.docx,form_4_-_notice_change_representation_flr-04-jun25-en-fil.docx,uncategorized,4,.docx
form_43_-_bjdr_hearing_request_flr-43-sep24-en-fil.docx,workflow_output/ontario_forms/form_43_-_bjdr_hearing_request_flr-43-sep24-en-fil.docx,form_43_-_bjdr_hearing_request_flr-43-sep24-en-fil.docx,uncategorized,43,.docx
form_43a_-_bjdr_request_ocl_flr-43a-sep24-en-fil.docx,workflow_output/ontario_forms/form_43a_-_bjdr_request_ocl_flr-43a-sep24-en-fil.docx,form_43a_-_bjdr_request_ocl_flr-43a-sep24-en-fil.docx,uncategorized,43A,.docx
form_43b_-_affidavit_bjdr_hearing_flr-43b-sep24-en-fil.docx,workflow_output/ontario_forms/form_43b_-_affidavit_bjdr_hearing_flr-43b-sep24-en-fil.docx,form_43b_-_affidavit_bjdr_hearing_flr-43b-sep24-en-fil.docx,uncategorized,43B,.docx
form_6b_-_affidavit_service_flr-06b-apr16-en-fil.docx,workflow_output/ontario_forms/form_6b_-_affidavit_service_flr-06b-apr16-en-fil.docx,form_6b_-_affidavit_service_flr-06b-apr16-en-fil.docx,uncategorized,6B,.docx
form_6c_-_certificate_service_flr-6c-apr23-en-fil.docx,workflow_output/ontario_forms/form_6c_-_certificate_service_flr-6c-apr23-en-fil.docx,form_6c_-_certificate_service_flr-6c-apr23-en-fil.docx,uncategorized,6C,.docx
form_8_-_application_general_flr-8-jun25-en.docx,workflow_output/ontario_forms/form_8_-_application_general_flr-8-jun25-en.docx,form_8_-_application_general_flr-8-jun25-en.docx,uncategorized,8,.docx
form_8a_-_application_divorce_flr-8a-apr24-en-fil.docx,workflow_output/ontario_forms/form_8a_-_application_divorce_flr-8a-apr24-en-fil.docx,form_8a_-_application_divorce_flr-8a-apr24-en-fil.docx,uncategorized,8A,.docx
form_8b_-_application_child_protection_form-8b-feb_1_2022-en.docx,workflow_output/ontario_forms/form_8b_-_application_child_protection_form-8b-feb_1_2022-en.docx,form_8b_-_application_child_protection_form-8b-feb_1_2022-en.docx,uncategorized,8B,.docx
form_8d_-_application_adoption_flr-8d-may25-en-fil.docx,workflow_output/ontario_forms/form_8d_-_application_adoption_flr-8d-may25-en-fil.docx,form_8d_-_application_adoption_flr-8d-may25-en-fil.docx,uncategorized,8D,.docx
